timeStamp,elapsed,label,responseCode,responseMessage,threadName,dataType,success,failureMessage,bytes,sentBytes,grpThreads,allThreads,URL,Latency,IdleTime,Connect
1674636797002,10082,/get_method,200,OK,HW_1_intro 1-3,text,true,,186,149,50,50,http://5.75.203.123:5005/get_method?name=Lana&age=33,104,0,57
1674636797002,10084,/get_method,200,OK,HW_1_intro 1-1,text,true,,186,149,50,50,http://5.75.203.123:5005/get_method?name=Lana&age=33,104,0,57
1674636797002,10082,/get_method,200,OK,HW_1_intro 1-5,text,true,,186,149,50,50,http://5.75.203.123:5005/get_method?name=Lana&age=33,104,0,57
1674636797012,10073,/get_method,200,OK,HW_1_intro 1-6,text,true,,186,149,50,50,http://5.75.203.123:5005/get_method?name=Lana&age=33,94,0,47
1674636797002,10083,/get_method,200,OK,HW_1_intro 1-4,text,true,,186,149,50,50,http://5.75.203.123:5005/get_method?name=Lana&age=33,104,0,57
1674636797033,10080,/get_method,200,OK,HW_1_intro 1-7,text,true,,186,149,50,50,http://5.75.203.123:5005/get_method?name=Lana&age=33,10076,0,30
1674636797040,10074,/get_method,200,OK,HW_1_intro 1-8,text,true,,186,149,50,50,http://5.75.203.123:5005/get_method?name=Lana&age=33,10071,0,30
1674636797002,10113,/get_method,200,OK,HW_1_intro 1-2,text,true,,186,149,50,50,http://5.75.203.123:5005/get_method?name=Lana&age=33,10107,0,57
1674636797110,10024,/get_method,200,OK,HW_1_intro 1-11,text,true,,186,149,50,50,http://5.75.203.123:5005/get_method?name=Lana&age=33,10024,0,9983
1674636797217,9919,/get_method,200,OK,HW_1_intro 1-17,text,true,,186,149,50,50,http://5.75.203.123:5005/get_method?name=Lana&age=33,9919,0,9877
1674636797272,9870,/get_method,200,OK,HW_1_intro 1-19,text,true,,186,149,50,50,http://5.75.203.123:5005/get_method?name=Lana&age=33,9870,0,9821
1674636797147,9995,/get_method,200,OK,HW_1_intro 1-13,text,true,,186,149,50,50,http://5.75.203.123:5005/get_method?name=Lana&age=33,9995,0,9947
1674636797437,9708,/get_method,200,OK,HW_1_intro 1-28,text,true,,186,149,50,50,http://5.75.203.123:5005/get_method?name=Lana&age=33,9708,0,9659
1674636797190,9957,/get_method,200,OK,HW_1_intro 1-15,text,true,,186,149,50,50,http://5.75.203.123:5005/get_method?name=Lana&age=33,9956,0,9904
1674636797199,9950,/get_method,200,OK,HW_1_intro 1-16,text,true,,186,149,50,50,http://5.75.203.123:5005/get_method?name=Lana&age=33,9950,0,9896
1674636797252,9897,/get_method,200,OK,HW_1_intro 1-18,text,true,,186,149,50,50,http://5.75.203.123:5005/get_method?name=Lana&age=33,9897,0,9841
1674636797078,10072,/get_method,200,OK,HW_1_intro 1-10,text,true,,186,149,50,50,http://5.75.203.123:5005/get_method?name=Lana&age=33,10072,0,10016
1674636797487,9665,/get_method,200,OK,HW_1_intro 1-30,text,true,,186,149,50,50,http://5.75.203.123:5005/get_method?name=Lana&age=33,9665,0,9609
1674636797427,9725,/get_method,200,OK,HW_1_intro 1-27,text,true,,186,149,50,50,http://5.75.203.123:5005/get_method?name=Lana&age=33,9725,0,9669
1674636797289,9864,/get_method,200,OK,HW_1_intro 1-20,text,true,,186,149,50,50,http://5.75.203.123:5005/get_method?name=Lana&age=33,9864,0,9809
1674636797378,9776,/get_method,200,OK,HW_1_intro 1-25,text,true,,186,149,50,50,http://5.75.203.123:5005/get_method?name=Lana&age=33,9776,0,9717
1674636797158,9996,/get_method,200,OK,HW_1_intro 1-14,text,true,,186,149,50,50,http://5.75.203.123:5005/get_method?name=Lana&age=33,9996,0,9937
1674636797370,9784,/get_method,200,OK,HW_1_intro 1-24,text,true,,186,149,50,50,http://5.75.203.123:5005/get_method?name=Lana&age=33,9784,0,9727
1674636797349,9806,/get_method,200,OK,HW_1_intro 1-23,text,true,,186,149,50,50,http://5.75.203.123:5005/get_method?name=Lana&age=33,9805,0,9747
1674636797821,9341,/get_method,200,OK,HW_1_intro 1-47,text,true,,186,149,50,50,http://5.75.203.123:5005/get_method?name=Lana&age=33,9341,0,9278
1674636797837,9325,/get_method,200,OK,HW_1_intro 1-48,text,true,,186,149,50,50,http://5.75.203.123:5005/get_method?name=Lana&age=33,9325,0,9262
1674636797779,9383,/get_method,200,OK,HW_1_intro 1-45,text,true,,186,149,50,50,http://5.75.203.123:5005/get_method?name=Lana&age=33,9383,0,9321
1674636797657,9505,/get_method,200,OK,HW_1_intro 1-39,text,true,,186,149,50,50,http://5.75.203.123:5005/get_method?name=Lana&age=33,9505,0,9442
1674636797557,9606,/get_method,200,OK,HW_1_intro 1-34,text,true,,186,149,50,50,http://5.75.203.123:5005/get_method?name=Lana&age=33,9605,0,9542
1674636797526,9637,/get_method,200,OK,HW_1_intro 1-32,text,true,,186,149,50,50,http://5.75.203.123:5005/get_method?name=Lana&age=33,9637,0,9572
1674636797408,9755,/get_method,200,OK,HW_1_intro 1-26,text,true,,186,149,50,50,http://5.75.203.123:5005/get_method?name=Lana&age=33,9755,0,9690
1674636797309,9854,/get_method,200,OK,HW_1_intro 1-21,text,true,,186,149,50,50,http://5.75.203.123:5005/get_method?name=Lana&age=33,9854,0,9788
1674636797457,9706,/get_method,200,OK,HW_1_intro 1-29,text,true,,186,149,50,50,http://5.75.203.123:5005/get_method?name=Lana&age=33,9706,0,9641
1674636797861,9304,/get_method,200,OK,HW_1_intro 1-49,text,true,,186,149,50,50,http://5.75.203.123:5005/get_method?name=Lana&age=33,9304,0,9239
1674636797696,9469,/get_method,200,OK,HW_1_intro 1-41,text,true,,186,149,50,50,http://5.75.203.123:5005/get_method?name=Lana&age=33,9469,0,9405
1674636797584,9583,/get_method,200,OK,HW_1_intro 1-35,text,true,,186,149,50,50,http://5.75.203.123:5005/get_method?name=Lana&age=33,9582,0,9517
1674636797719,9448,/get_method,200,OK,HW_1_intro 1-42,text,true,,186,149,50,50,http://5.75.203.123:5005/get_method?name=Lana&age=33,9448,0,9381
1674636797604,9563,/get_method,200,OK,HW_1_intro 1-36,text,true,,186,149,50,50,http://5.75.203.123:5005/get_method?name=Lana&age=33,9563,0,9497
1674636797762,9407,/get_method,200,OK,HW_1_intro 1-44,text,true,,186,149,50,50,http://5.75.203.123:5005/get_method?name=Lana&age=33,9407,0,9338
1674636797617,9552,/get_method,200,OK,HW_1_intro 1-37,text,true,,186,149,50,50,http://5.75.203.123:5005/get_method?name=Lana&age=33,9552,0,9485
1674636797643,9527,/get_method,200,OK,HW_1_intro 1-38,text,true,,186,149,50,50,http://5.75.203.123:5005/get_method?name=Lana&age=33,9527,0,9459
1674636797522,9650,/get_method,200,OK,HW_1_intro 1-31,text,true,,186,149,50,50,http://5.75.203.123:5005/get_method?name=Lana&age=33,9650,0,9580
1674636797545,9628,/get_method,200,OK,HW_1_intro 1-33,text,true,,186,149,50,50,http://5.75.203.123:5005/get_method?name=Lana&age=33,9628,0,9557
1674636797678,9496,/get_method,200,OK,HW_1_intro 1-40,text,true,,186,149,50,50,http://5.75.203.123:5005/get_method?name=Lana&age=33,9496,0,9424
1674636797741,9434,/get_method,200,OK,HW_1_intro 1-43,text,true,,186,149,50,50,http://5.75.203.123:5005/get_method?name=Lana&age=33,9434,0,9362
1674636797800,9377,/get_method,200,OK,HW_1_intro 1-46,text,true,,186,149,50,50,http://5.75.203.123:5005/get_method?name=Lana&age=33,9377,0,9303
1674636797879,9299,/get_method,200,OK,HW_1_intro 1-50,text,true,,186,149,50,50,http://5.75.203.123:5005/get_method?name=Lana&age=33,9299,0,9224
1674636797064,10116,/get_method,200,OK,HW_1_intro 1-9,text,true,,186,149,50,50,http://5.75.203.123:5005/get_method?name=Lana&age=33,10116,0,10040
1674636797318,9862,/get_method,200,OK,HW_1_intro 1-22,text,true,,186,149,50,50,http://5.75.203.123:5005/get_method?name=Lana&age=33,9862,0,9788
1674636797118,10063,/get_method,200,OK,HW_1_intro 1-12,text,true,,186,149,50,50,http://5.75.203.123:5005/get_method?name=Lana&age=33,10063,0,9988
1674636807091,93,/user_info_2,200,OK,HW_1_intro 1-5,text,true,,471,245,50,50,http://5.75.203.123:5005/user_info_2,93,0,42
1674636807091,95,/user_info_2,200,OK,HW_1_intro 1-6,text,true,,471,245,50,50,http://5.75.203.123:5005/user_info_2,95,0,43
1674636807091,95,/user_info_2,200,OK,HW_1_intro 1-4,text,true,,471,245,50,50,http://5.75.203.123:5005/user_info_2,95,0,42
1674636807092,95,/user_info_2,200,OK,HW_1_intro 1-1,text,true,,471,245,50,50,http://5.75.203.123:5005/user_info_2,95,0,41
1674636807091,98,/user_info_2,200,OK,HW_1_intro 1-3,text,true,,471,245,50,50,http://5.75.203.123:5005/user_info_2,98,0,42
1674636807116,74,/user_info_2,200,OK,HW_1_intro 1-2,text,true,,471,245,50,50,http://5.75.203.123:5005/user_info_2,74,0,30
1674636807115,77,/user_info_2,200,OK,HW_1_intro 1-8,text,true,,471,245,50,50,http://5.75.203.123:5005/user_info_2,77,0,31
1674636807113,80,/user_info_2,200,OK,HW_1_intro 1-7,text,true,,471,245,50,50,http://5.75.203.123:5005/user_info_2,80,0,32
1674636807135,66,/user_info_2,200,OK,HW_1_intro 1-11,text,true,,471,245,50,50,http://5.75.203.123:5005/user_info_2,66,0,30
1674636807136,65,/user_info_2,200,OK,HW_1_intro 1-17,text,true,,471,245,50,50,http://5.75.203.123:5005/user_info_2,65,0,30
1674636807142,64,/user_info_2,200,OK,HW_1_intro 1-19,text,true,,471,245,50,50,http://5.75.203.123:5005/user_info_2,63,0,30
1674636807142,64,/user_info_2,200,OK,HW_1_intro 1-13,text,true,,471,245,50,50,http://5.75.203.123:5005/user_info_2,64,0,30
1674636807146,63,/user_info_2,200,OK,HW_1_intro 1-28,text,true,,471,245,50,50,http://5.75.203.123:5005/user_info_2,63,0,29
1674636807147,72,/user_info_2,200,OK,HW_1_intro 1-15,text,true,,471,245,50,50,http://5.75.203.123:5005/user_info_2,71,0,30
1674636807149,73,/user_info_2,200,OK,HW_1_intro 1-18,text,true,,471,245,50,50,http://5.75.203.123:5005/user_info_2,73,0,30
1674636807149,75,/user_info_2,200,OK,HW_1_intro 1-16,text,true,,471,245,50,50,http://5.75.203.123:5005/user_info_2,75,0,30
1674636807150,76,/user_info_2,200,OK,HW_1_intro 1-10,text,true,,471,245,50,50,http://5.75.203.123:5005/user_info_2,76,0,30
1674636807152,75,/user_info_2,200,OK,HW_1_intro 1-27,text,true,,471,245,50,50,http://5.75.203.123:5005/user_info_2,75,0,30
1674636807152,75,/user_info_2,200,OK,HW_1_intro 1-30,text,true,,471,245,50,50,http://5.75.203.123:5005/user_info_2,75,0,30
1674636807153,76,/user_info_2,200,OK,HW_1_intro 1-20,text,true,,471,245,50,50,http://5.75.203.123:5005/user_info_2,76,0,30
1674636807154,76,/user_info_2,200,OK,HW_1_intro 1-25,text,true,,471,245,50,50,http://5.75.203.123:5005/user_info_2,76,0,30
1674636807154,79,/user_info_2,200,OK,HW_1_intro 1-14,text,true,,471,245,50,50,http://5.75.203.123:5005/user_info_2,79,0,30
1674636807155,81,/user_info_2,200,OK,HW_1_intro 1-23,text,true,,471,245,50,50,http://5.75.203.123:5005/user_info_2,81,0,36
1674636807162,81,/user_info_2,200,OK,HW_1_intro 1-48,text,true,,471,245,50,50,http://5.75.203.123:5005/user_info_2,81,0,29
1674636807154,96,/user_info_2,200,OK,HW_1_intro 1-24,text,true,,471,245,50,50,http://5.75.203.123:5005/user_info_2,96,0,37
1674636807162,88,/user_info_2,200,OK,HW_1_intro 1-45,text,true,,471,245,50,50,http://5.75.203.123:5005/user_info_2,88,0,30
1674636807162,91,/user_info_2,200,OK,HW_1_intro 1-47,text,true,,471,245,50,50,http://5.75.203.123:5005/user_info_2,90,0,29
1674636807163,95,/user_info_2,200,OK,HW_1_intro 1-34,text,true,,471,245,50,50,http://5.75.203.123:5005/user_info_2,94,0,29
1674636807163,96,/user_info_2,200,OK,HW_1_intro 1-32,text,true,,471,245,50,50,http://5.75.203.123:5005/user_info_2,96,0,29
1674636807163,99,/user_info_2,200,OK,HW_1_intro 1-39,text,true,,471,245,50,50,http://5.75.203.123:5005/user_info_2,99,0,29
1674636807163,101,/user_info_2,200,OK,HW_1_intro 1-26,text,true,,471,245,50,50,http://5.75.203.123:5005/user_info_2,101,0,30
1674636807163,103,/user_info_2,200,OK,HW_1_intro 1-21,text,true,,471,245,50,50,http://5.75.203.123:5005/user_info_2,102,0,30
1674636807164,105,/user_info_2,200,OK,HW_1_intro 1-29,text,true,,471,245,50,50,http://5.75.203.123:5005/user_info_2,105,0,29
1674636807165,105,/user_info_2,200,OK,HW_1_intro 1-49,text,true,,471,245,50,50,http://5.75.203.123:5005/user_info_2,105,0,29
1674636807166,104,/user_info_2,200,OK,HW_1_intro 1-41,text,true,,471,245,50,50,http://5.75.203.123:5005/user_info_2,104,0,29
1674636807167,105,/user_info_2,200,OK,HW_1_intro 1-35,text,true,,471,245,50,50,http://5.75.203.123:5005/user_info_2,105,0,29
1674636807167,108,/user_info_2,200,OK,HW_1_intro 1-36,text,true,,471,245,50,50,http://5.75.203.123:5005/user_info_2,108,0,30
1674636807167,110,/user_info_2,200,OK,HW_1_intro 1-42,text,true,,471,245,50,50,http://5.75.203.123:5005/user_info_2,110,0,30
1674636807169,111,/user_info_2,200,OK,HW_1_intro 1-44,text,true,,471,245,50,50,http://5.75.203.123:5005/user_info_2,111,0,30
1674636807170,115,/user_info_2,200,OK,HW_1_intro 1-38,text,true,,471,245,50,50,http://5.75.203.123:5005/user_info_2,115,0,30
1674636807169,116,/user_info_2,200,OK,HW_1_intro 1-37,text,true,,471,245,50,50,http://5.75.203.123:5005/user_info_2,116,0,30
1674636807173,116,/user_info_2,200,OK,HW_1_intro 1-31,text,true,,471,245,50,50,http://5.75.203.123:5005/user_info_2,116,0,29
1674636807173,116,/user_info_2,200,OK,HW_1_intro 1-33,text,true,,471,245,50,50,http://5.75.203.123:5005/user_info_2,116,0,30
1674636807174,118,/user_info_2,200,OK,HW_1_intro 1-40,text,true,,471,245,50,50,http://5.75.203.123:5005/user_info_2,118,0,30
1674636807175,117,/user_info_2,200,OK,HW_1_intro 1-43,text,true,,471,245,50,50,http://5.75.203.123:5005/user_info_2,117,0,29
1674636807177,117,/user_info_2,200,OK,HW_1_intro 1-46,text,true,,471,245,50,50,http://5.75.203.123:5005/user_info_2,117,0,29
1674636807178,117,/user_info_2,200,OK,HW_1_intro 1-50,text,true,,471,245,50,50,http://5.75.203.123:5005/user_info_2,117,0,30
1674636807180,118,/user_info_2,200,OK,HW_1_intro 1-9,text,true,,471,245,50,50,http://5.75.203.123:5005/user_info_2,118,0,30
1674636807181,118,/user_info_2,200,OK,HW_1_intro 1-22,text,true,,471,245,50,50,http://5.75.203.123:5005/user_info_2,118,0,29
1674636807182,117,/user_info_2,200,OK,HW_1_intro 1-12,text,true,,471,245,50,50,http://5.75.203.123:5005/user_info_2,117,0,30
1674636807185,118,/user_info_3,200,OK,HW_1_intro 1-5,text,true,,380,245,50,50,http://5.75.203.123:5005/user_info_3,117,0,29
1674636807186,118,/user_info_3,200,OK,HW_1_intro 1-6,text,true,,380,245,50,50,http://5.75.203.123:5005/user_info_3,118,0,30
1674636807187,119,/user_info_3,200,OK,HW_1_intro 1-4,text,true,,380,245,50,50,http://5.75.203.123:5005/user_info_3,119,0,30
1674636807187,121,/user_info_3,200,OK,HW_1_intro 1-1,text,true,,380,245,50,50,http://5.75.203.123:5005/user_info_3,121,0,29
1674636807206,114,/user_info_3,200,OK,HW_1_intro 1-13,text,true,,380,245,50,50,http://5.75.203.123:5005/user_info_3,114,0,30
1674636807206,113,/user_info_3,200,OK,HW_1_intro 1-19,text,true,,380,245,50,50,http://5.75.203.123:5005/user_info_3,113,0,29
1674636807202,115,/user_info_3,200,OK,HW_1_intro 1-11,text,true,,380,245,50,50,http://5.75.203.123:5005/user_info_3,115,0,30
1674636807210,112,/user_info_3,200,OK,HW_1_intro 1-28,text,true,,380,245,50,50,http://5.75.203.123:5005/user_info_3,112,0,29
1674636807202,114,/user_info_3,200,OK,HW_1_intro 1-17,text,true,,380,245,50,50,http://5.75.203.123:5005/user_info_3,113,0,29
1674636807194,120,/user_info_3,200,OK,HW_1_intro 1-7,text,true,,380,245,50,50,http://5.75.203.123:5005/user_info_3,120,0,29
1674636807192,122,/user_info_3,200,OK,HW_1_intro 1-8,text,true,,380,245,50,50,http://5.75.203.123:5005/user_info_3,122,0,30
1674636807190,122,/user_info_3,200,OK,HW_1_intro 1-2,text,true,,380,245,50,50,http://5.75.203.123:5005/user_info_3,122,0,30
1674636807189,121,/user_info_3,200,OK,HW_1_intro 1-3,text,true,,380,245,50,50,http://5.75.203.123:5005/user_info_3,121,0,30
1674636807219,105,/user_info_3,200,OK,HW_1_intro 1-15,text,true,,380,245,50,50,http://5.75.203.123:5005/user_info_3,105,0,30
1674636807224,101,/user_info_3,200,OK,HW_1_intro 1-16,text,true,,380,245,50,50,http://5.75.203.123:5005/user_info_3,101,0,30
1674636807226,99,/user_info_3,200,OK,HW_1_intro 1-10,text,true,,380,245,50,50,http://5.75.203.123:5005/user_info_3,99,0,30
1674636807223,103,/user_info_3,200,OK,HW_1_intro 1-18,text,true,,380,245,50,50,http://5.75.203.123:5005/user_info_3,103,0,30
1674636807227,99,/user_info_3,200,OK,HW_1_intro 1-30,text,true,,380,245,50,50,http://5.75.203.123:5005/user_info_3,99,0,30
1674636807227,102,/user_info_3,200,OK,HW_1_intro 1-27,text,true,,380,245,50,50,http://5.75.203.123:5005/user_info_3,102,0,30
1674636807229,100,/user_info_3,200,OK,HW_1_intro 1-20,text,true,,380,245,50,50,http://5.75.203.123:5005/user_info_3,100,0,30
1674636807230,101,/user_info_3,200,OK,HW_1_intro 1-25,text,true,,380,245,50,50,http://5.75.203.123:5005/user_info_3,101,0,30
1674636807233,100,/user_info_3,200,OK,HW_1_intro 1-14,text,true,,380,245,50,50,http://5.75.203.123:5005/user_info_3,100,0,30
1674636807236,99,/user_info_3,200,OK,HW_1_intro 1-23,text,true,,380,245,50,50,http://5.75.203.123:5005/user_info_3,99,0,30
1674636807243,94,/user_info_3,200,OK,HW_1_intro 1-48,text,true,,380,245,50,50,http://5.75.203.123:5005/user_info_3,94,0,30
1674636807250,89,/user_info_3,200,OK,HW_1_intro 1-24,text,true,,380,245,50,50,http://5.75.203.123:5005/user_info_3,89,0,30
1674636807250,91,/user_info_3,200,OK,HW_1_intro 1-45,text,true,,380,245,50,50,http://5.75.203.123:5005/user_info_3,91,0,30
1674636807258,85,/user_info_3,200,OK,HW_1_intro 1-34,text,true,,380,245,50,50,http://5.75.203.123:5005/user_info_3,85,0,29
1674636807253,91,/user_info_3,200,OK,HW_1_intro 1-47,text,true,,380,245,50,50,http://5.75.203.123:5005/user_info_3,91,0,30
1674636807260,86,/user_info_3,200,OK,HW_1_intro 1-32,text,true,,380,245,50,50,http://5.75.203.123:5005/user_info_3,86,0,30
1674636807262,85,/user_info_3,200,OK,HW_1_intro 1-39,text,true,,380,245,50,50,http://5.75.203.123:5005/user_info_3,85,0,30
1674636807264,85,/user_info_3,200,OK,HW_1_intro 1-26,text,true,,380,245,50,50,http://5.75.203.123:5005/user_info_3,85,0,30
1674636807266,85,/user_info_3,200,OK,HW_1_intro 1-21,text,true,,380,245,50,50,http://5.75.203.123:5005/user_info_3,85,0,30
1674636807269,84,/user_info_3,200,OK,HW_1_intro 1-29,text,true,,380,245,50,50,http://5.75.203.123:5005/user_info_3,84,0,31
1674636807270,87,/user_info_3,200,OK,HW_1_intro 1-49,text,true,,380,245,50,50,http://5.75.203.123:5005/user_info_3,86,0,31
1674636807270,87,/user_info_3,200,OK,HW_1_intro 1-41,text,true,,380,245,50,50,http://5.75.203.123:5005/user_info_3,87,0,30
1674636807273,85,/user_info_3,200,OK,HW_1_intro 1-35,text,true,,380,245,50,50,http://5.75.203.123:5005/user_info_3,85,0,29
1674636807275,85,/user_info_3,200,OK,HW_1_intro 1-36,text,true,,380,245,50,50,http://5.75.203.123:5005/user_info_3,85,0,30
1674636807277,87,/user_info_3,200,OK,HW_1_intro 1-42,text,true,,380,245,50,50,http://5.75.203.123:5005/user_info_3,87,0,30
1674636807280,85,/user_info_3,200,OK,HW_1_intro 1-44,text,true,,380,245,50,50,http://5.75.203.123:5005/user_info_3,85,0,30
1674636807285,84,/user_info_3,200,OK,HW_1_intro 1-37,text,true,,380,245,50,50,http://5.75.203.123:5005/user_info_3,84,0,29
1674636807285,85,/user_info_3,200,OK,HW_1_intro 1-38,text,true,,380,245,50,50,http://5.75.203.123:5005/user_info_3,85,0,30
1674636807289,84,/user_info_3,200,OK,HW_1_intro 1-33,text,true,,380,245,50,50,http://5.75.203.123:5005/user_info_3,84,0,30
1674636807289,84,/user_info_3,200,OK,HW_1_intro 1-31,text,true,,380,245,50,50,http://5.75.203.123:5005/user_info_3,84,0,31
1674636807292,82,/user_info_3,200,OK,HW_1_intro 1-40,text,true,,380,245,50,50,http://5.75.203.123:5005/user_info_3,82,0,30
1674636807292,82,/user_info_3,200,OK,HW_1_intro 1-43,text,true,,380,245,50,50,http://5.75.203.123:5005/user_info_3,82,0,31
1674636807294,82,/user_info_3,200,OK,HW_1_intro 1-46,text,true,,380,245,50,50,http://5.75.203.123:5005/user_info_3,82,0,29
1674636807296,81,/user_info_3,200,OK,HW_1_intro 1-50,text,true,,380,245,50,50,http://5.75.203.123:5005/user_info_3,81,0,29
1674636807298,82,/user_info_3,200,OK,HW_1_intro 1-9,text,true,,380,245,50,50,http://5.75.203.123:5005/user_info_3,82,0,30
1674636807299,81,/user_info_3,200,OK,HW_1_intro 1-12,text,true,,380,245,50,50,http://5.75.203.123:5005/user_info_3,81,0,30
1674636807299,83,/user_info_3,200,OK,HW_1_intro 1-22,text,true,,380,245,50,50,http://5.75.203.123:5005/user_info_3,83,0,30
1674636807303,80,/object_info_1,200,OK,HW_1_intro 1-5,text,true,,244,162,50,50,http://5.75.203.123:5005/object_info_1?name=Lana&age=33&weight=50,79,0,29
1674636807305,79,/object_info_1,200,OK,HW_1_intro 1-6,text,true,,244,162,50,50,http://5.75.203.123:5005/object_info_1?name=Lana&age=33&weight=50,79,0,29
1674636807308,78,/object_info_1,200,OK,HW_1_intro 1-1,text,true,,244,162,50,50,http://5.75.203.123:5005/object_info_1?name=Lana&age=33&weight=50,77,0,30
1674636807306,81,/object_info_1,200,OK,HW_1_intro 1-4,text,true,,244,162,50,50,http://5.75.203.123:5005/object_info_1?name=Lana&age=33&weight=50,81,0,30
1674636807322,67,/object_info_1,200,OK,HW_1_intro 1-19,text,true,,244,162,50,50,http://5.75.203.123:5005/object_info_1?name=Lana&age=33&weight=50,66,0,30
1674636807322,67,/object_info_1,200,OK,HW_1_intro 1-13,text,true,,244,162,50,50,http://5.75.203.123:5005/object_info_1?name=Lana&age=33&weight=50,66,0,30
1674636807322,67,/object_info_1,200,OK,HW_1_intro 1-11,text,true,,244,162,50,50,http://5.75.203.123:5005/object_info_1?name=Lana&age=33&weight=50,67,0,30
1674636807322,69,/object_info_1,200,OK,HW_1_intro 1-17,text,true,,244,162,50,50,http://5.75.203.123:5005/object_info_1?name=Lana&age=33&weight=50,69,0,30
1674636807323,69,/object_info_1,200,OK,HW_1_intro 1-7,text,true,,244,162,50,50,http://5.75.203.123:5005/object_info_1?name=Lana&age=33&weight=50,69,0,30
1674636807323,69,/object_info_1,200,OK,HW_1_intro 1-8,text,true,,244,162,50,50,http://5.75.203.123:5005/object_info_1?name=Lana&age=33&weight=50,69,0,29
1674636807322,72,/object_info_1,200,OK,HW_1_intro 1-28,text,true,,244,162,50,50,http://5.75.203.123:5005/object_info_1?name=Lana&age=33&weight=50,72,0,30
1674636807324,72,/object_info_1,200,OK,HW_1_intro 1-3,text,true,,244,162,50,50,http://5.75.203.123:5005/object_info_1?name=Lana&age=33&weight=50,71,0,29
1674636807323,73,/object_info_1,200,OK,HW_1_intro 1-2,text,true,,244,162,50,50,http://5.75.203.123:5005/object_info_1?name=Lana&age=33&weight=50,73,0,30
1674636807325,72,/object_info_1,200,OK,HW_1_intro 1-15,text,true,,244,162,50,50,http://5.75.203.123:5005/object_info_1?name=Lana&age=33&weight=50,72,0,29
1674636807325,74,/object_info_1,200,OK,HW_1_intro 1-16,text,true,,244,162,50,50,http://5.75.203.123:5005/object_info_1?name=Lana&age=33&weight=50,74,0,29
1674636807325,74,/object_info_1,200,OK,HW_1_intro 1-10,text,true,,244,162,50,50,http://5.75.203.123:5005/object_info_1?name=Lana&age=33&weight=50,74,0,30
1674636807326,73,/object_info_1,200,OK,HW_1_intro 1-18,text,true,,244,162,50,50,http://5.75.203.123:5005/object_info_1?name=Lana&age=33&weight=50,73,0,29
1674636807327,74,/object_info_1,200,OK,HW_1_intro 1-30,text,true,,244,162,50,50,http://5.75.203.123:5005/object_info_1?name=Lana&age=33&weight=50,74,0,29
1674636807329,72,/object_info_1,200,OK,HW_1_intro 1-20,text,true,,244,162,50,50,http://5.75.203.123:5005/object_info_1?name=Lana&age=33&weight=50,72,0,30
1674636807329,74,/object_info_1,200,OK,HW_1_intro 1-27,text,true,,244,162,50,50,http://5.75.203.123:5005/object_info_1?name=Lana&age=33&weight=50,74,0,30
1674636807331,73,/object_info_1,200,OK,HW_1_intro 1-25,text,true,,244,162,50,50,http://5.75.203.123:5005/object_info_1?name=Lana&age=33&weight=50,73,0,30
1674636807334,72,/object_info_1,200,OK,HW_1_intro 1-14,text,true,,244,162,50,50,http://5.75.203.123:5005/object_info_1?name=Lana&age=33&weight=50,72,0,29
1674636807335,73,/object_info_1,200,OK,HW_1_intro 1-23,text,true,,244,162,50,50,http://5.75.203.123:5005/object_info_1?name=Lana&age=33&weight=50,73,0,30
1674636807337,71,/object_info_1,200,OK,HW_1_intro 1-48,text,true,,244,162,50,50,http://5.75.203.123:5005/object_info_1?name=Lana&age=33&weight=50,71,0,30
1674636807341,70,/object_info_1,200,OK,HW_1_intro 1-45,text,true,,244,162,50,50,http://5.75.203.123:5005/object_info_1?name=Lana&age=33&weight=50,70,0,30
1674636807339,72,/object_info_1,200,OK,HW_1_intro 1-24,text,true,,244,162,50,50,http://5.75.203.123:5005/object_info_1?name=Lana&age=33&weight=50,72,0,30
1674636807344,67,/object_info_1,200,OK,HW_1_intro 1-34,text,true,,244,162,50,50,http://5.75.203.123:5005/object_info_1?name=Lana&age=33&weight=50,67,0,30
1674636807344,69,/object_info_1,200,OK,HW_1_intro 1-47,text,true,,244,162,50,50,http://5.75.203.123:5005/object_info_1?name=Lana&age=33&weight=50,69,0,30
1674636807346,69,/object_info_1,200,OK,HW_1_intro 1-32,text,true,,244,162,50,50,http://5.75.203.123:5005/object_info_1?name=Lana&age=33&weight=50,69,0,30
1674636807348,72,/object_info_1,200,OK,HW_1_intro 1-39,text,true,,244,162,50,50,http://5.75.203.123:5005/object_info_1?name=Lana&age=33&weight=50,71,0,29
1674636807351,72,/object_info_1,200,OK,HW_1_intro 1-21,text,true,,244,162,50,50,http://5.75.203.123:5005/object_info_1?name=Lana&age=33&weight=50,72,0,30
1674636807353,71,/object_info_1,200,OK,HW_1_intro 1-29,text,true,,244,162,50,50,http://5.75.203.123:5005/object_info_1?name=Lana&age=33&weight=50,71,0,30
1674636807349,76,/object_info_1,200,OK,HW_1_intro 1-26,text,true,,244,162,50,50,http://5.75.203.123:5005/object_info_1?name=Lana&age=33&weight=50,76,0,30
1674636807357,72,/object_info_1,200,OK,HW_1_intro 1-41,text,true,,244,162,50,50,http://5.75.203.123:5005/object_info_1?name=Lana&age=33&weight=50,72,0,30
1674636807361,70,/object_info_1,200,OK,HW_1_intro 1-36,text,true,,244,162,50,50,http://5.75.203.123:5005/object_info_1?name=Lana&age=33&weight=50,70,0,29
1674636807357,80,/object_info_1,200,OK,HW_1_intro 1-49,text,true,,244,162,50,50,http://5.75.203.123:5005/object_info_1?name=Lana&age=33&weight=50,80,0,30
1674636807359,78,/object_info_1,200,OK,HW_1_intro 1-35,text,true,,244,162,50,50,http://5.75.203.123:5005/object_info_1?name=Lana&age=33&weight=50,78,0,30
1674636807364,74,/object_info_1,200,OK,HW_1_intro 1-42,text,true,,244,162,50,50,http://5.75.203.123:5005/object_info_1?name=Lana&age=33&weight=50,74,0,30
1674636807365,74,/object_info_1,200,OK,HW_1_intro 1-44,text,true,,244,162,50,50,http://5.75.203.123:5005/object_info_1?name=Lana&age=33&weight=50,74,0,30
1674636807369,71,/object_info_1,200,OK,HW_1_intro 1-37,text,true,,244,162,50,50,http://5.75.203.123:5005/object_info_1?name=Lana&age=33&weight=50,71,0,29
1674636807370,72,/object_info_1,200,OK,HW_1_intro 1-38,text,true,,244,162,50,50,http://5.75.203.123:5005/object_info_1?name=Lana&age=33&weight=50,72,0,30
1674636807373,71,/object_info_1,200,OK,HW_1_intro 1-31,text,true,,244,162,50,50,http://5.75.203.123:5005/object_info_1?name=Lana&age=33&weight=50,71,0,30
1674636807373,75,/object_info_1,200,OK,HW_1_intro 1-33,text,true,,244,162,50,50,http://5.75.203.123:5005/object_info_1?name=Lana&age=33&weight=50,75,0,30
1674636807375,74,/object_info_1,200,OK,HW_1_intro 1-43,text,true,,244,162,50,50,http://5.75.203.123:5005/object_info_1?name=Lana&age=33&weight=50,74,0,29
1674636807375,77,/object_info_1,200,OK,HW_1_intro 1-40,text,true,,244,162,50,50,http://5.75.203.123:5005/object_info_1?name=Lana&age=33&weight=50,77,0,30
1674636807376,77,/object_info_1,200,OK,HW_1_intro 1-46,text,true,,244,162,50,50,http://5.75.203.123:5005/object_info_1?name=Lana&age=33&weight=50,77,0,30
1674636807378,76,/object_info_1,200,OK,HW_1_intro 1-50,text,true,,244,162,50,50,http://5.75.203.123:5005/object_info_1?name=Lana&age=33&weight=50,76,0,29
1674636807380,76,/object_info_1,200,OK,HW_1_intro 1-9,text,true,,244,162,50,50,http://5.75.203.123:5005/object_info_1?name=Lana&age=33&weight=50,76,0,30
1674636807380,78,/object_info_1,200,OK,HW_1_intro 1-12,text,true,,244,162,50,50,http://5.75.203.123:5005/object_info_1?name=Lana&age=33&weight=50,78,0,30
1674636807382,77,/object_info_1,200,OK,HW_1_intro 1-22,text,true,,244,162,50,50,http://5.75.203.123:5005/object_info_1?name=Lana&age=33&weight=50,77,0,29
1674636807384,77,/object_info_2,200,OK,HW_1_intro 1-6,text,true,,482,164,50,50,http://5.75.203.123:5005/object_info_2?name=Makar&age=22&salary=350,77,0,30
1674636807384,78,/object_info_2,200,OK,HW_1_intro 1-5,text,true,,482,164,50,50,http://5.75.203.123:5005/object_info_2?name=Makar&age=22&salary=350,78,0,30
1674636807386,77,/object_info_2,200,OK,HW_1_intro 1-1,text,true,,482,164,50,50,http://5.75.203.123:5005/object_info_2?name=Makar&age=22&salary=350,77,0,29
1674636807388,77,/object_info_2,200,OK,HW_1_intro 1-4,text,true,,482,164,50,50,http://5.75.203.123:5005/object_info_2?name=Makar&age=22&salary=350,76,0,29
1674636807389,80,/object_info_2,200,OK,HW_1_intro 1-19,text,true,,482,164,50,50,http://5.75.203.123:5005/object_info_2?name=Makar&age=22&salary=350,80,0,29
1674636807389,80,/object_info_2,200,OK,HW_1_intro 1-13,text,true,,482,164,50,50,http://5.75.203.123:5005/object_info_2?name=Makar&age=22&salary=350,80,0,30
1674636807389,82,/object_info_2,200,OK,HW_1_intro 1-11,text,true,,482,164,50,50,http://5.75.203.123:5005/object_info_2?name=Makar&age=22&salary=350,82,0,30
1674636807392,79,/object_info_2,200,OK,HW_1_intro 1-17,text,true,,482,164,50,50,http://5.75.203.123:5005/object_info_2?name=Makar&age=22&salary=350,79,0,29
1674636807392,80,/object_info_2,200,OK,HW_1_intro 1-7,text,true,,482,164,50,50,http://5.75.203.123:5005/object_info_2?name=Makar&age=22&salary=350,80,0,30
1674636807392,81,/object_info_2,200,OK,HW_1_intro 1-8,text,true,,482,164,50,50,http://5.75.203.123:5005/object_info_2?name=Makar&age=22&salary=350,81,0,30
1674636807395,80,/object_info_2,200,OK,HW_1_intro 1-28,text,true,,482,164,50,50,http://5.75.203.123:5005/object_info_2?name=Makar&age=22&salary=350,80,0,30
1674636807396,82,/object_info_2,200,OK,HW_1_intro 1-3,text,true,,482,164,50,50,http://5.75.203.123:5005/object_info_2?name=Makar&age=22&salary=350,82,0,30
1674636807396,82,/object_info_2,200,OK,HW_1_intro 1-2,text,true,,482,164,50,50,http://5.75.203.123:5005/object_info_2?name=Makar&age=22&salary=350,82,0,29
1674636807397,83,/object_info_2,200,OK,HW_1_intro 1-15,text,true,,482,164,50,50,http://5.75.203.123:5005/object_info_2?name=Makar&age=22&salary=350,83,0,29
1674636807400,81,/object_info_2,200,OK,HW_1_intro 1-10,text,true,,482,164,50,50,http://5.75.203.123:5005/object_info_2?name=Makar&age=22&salary=350,81,0,29
1674636807399,83,/object_info_2,200,OK,HW_1_intro 1-16,text,true,,482,164,50,50,http://5.75.203.123:5005/object_info_2?name=Makar&age=22&salary=350,83,0,31
1674636807400,83,/object_info_2,200,OK,HW_1_intro 1-18,text,true,,482,164,50,50,http://5.75.203.123:5005/object_info_2?name=Makar&age=22&salary=350,83,0,29
1674636807402,82,/object_info_2,200,OK,HW_1_intro 1-30,text,true,,482,164,50,50,http://5.75.203.123:5005/object_info_2?name=Makar&age=22&salary=350,82,0,33
1674636807404,82,/object_info_2,200,OK,HW_1_intro 1-27,text,true,,482,164,50,50,http://5.75.203.123:5005/object_info_2?name=Makar&age=22&salary=350,82,0,32
1674636807402,86,/object_info_2,200,OK,HW_1_intro 1-20,text,true,,482,164,50,50,http://5.75.203.123:5005/object_info_2?name=Makar&age=22&salary=350,85,0,34
1674636807404,84,/object_info_2,200,OK,HW_1_intro 1-25,text,true,,482,164,50,50,http://5.75.203.123:5005/object_info_2?name=Makar&age=22&salary=350,84,0,32
1674636807406,85,/object_info_2,200,OK,HW_1_intro 1-14,text,true,,482,164,50,50,http://5.75.203.123:5005/object_info_2?name=Makar&age=22&salary=350,85,0,31
1674636807408,83,/object_info_2,200,OK,HW_1_intro 1-23,text,true,,482,164,50,50,http://5.75.203.123:5005/object_info_2?name=Makar&age=22&salary=350,83,0,30
1674636807408,87,/object_info_2,200,OK,HW_1_intro 1-48,text,true,,482,164,50,50,http://5.75.203.123:5005/object_info_2?name=Makar&age=22&salary=350,87,0,30
1674636807411,84,/object_info_2,200,OK,HW_1_intro 1-24,text,true,,482,164,50,50,http://5.75.203.123:5005/object_info_2?name=Makar&age=22&salary=350,84,0,30
1674636807411,85,/object_info_2,200,OK,HW_1_intro 1-45,text,true,,482,164,50,50,http://5.75.203.123:5005/object_info_2?name=Makar&age=22&salary=350,85,0,30
1674636807412,85,/object_info_2,200,OK,HW_1_intro 1-34,text,true,,482,164,50,50,http://5.75.203.123:5005/object_info_2?name=Makar&age=22&salary=350,85,0,30
1674636807413,85,/object_info_2,200,OK,HW_1_intro 1-47,text,true,,482,164,50,50,http://5.75.203.123:5005/object_info_2?name=Makar&age=22&salary=350,85,0,29
1674636807416,84,/object_info_2,200,OK,HW_1_intro 1-32,text,true,,482,164,50,50,http://5.75.203.123:5005/object_info_2?name=Makar&age=22&salary=350,84,0,31
1674636807420,83,/object_info_2,200,OK,HW_1_intro 1-39,text,true,,482,164,50,50,http://5.75.203.123:5005/object_info_2?name=Makar&age=22&salary=350,83,0,31
1674636807424,81,/object_info_2,200,OK,HW_1_intro 1-21,text,true,,482,164,50,50,http://5.75.203.123:5005/object_info_2?name=Makar&age=22&salary=350,80,0,29
1674636807424,81,/object_info_2,200,OK,HW_1_intro 1-29,text,true,,482,164,50,50,http://5.75.203.123:5005/object_info_2?name=Makar&age=22&salary=350,81,0,30
1674636807425,82,/object_info_2,200,OK,HW_1_intro 1-26,text,true,,482,164,50,50,http://5.75.203.123:5005/object_info_2?name=Makar&age=22&salary=350,81,0,31
1674636807429,79,/object_info_2,200,OK,HW_1_intro 1-41,text,true,,482,164,50,50,http://5.75.203.123:5005/object_info_2?name=Makar&age=22&salary=350,79,0,30
1674636807431,79,/object_info_2,200,OK,HW_1_intro 1-36,text,true,,482,164,50,50,http://5.75.203.123:5005/object_info_2?name=Makar&age=22&salary=350,79,0,30
1674636807438,76,/object_info_2,200,OK,HW_1_intro 1-49,text,true,,482,164,50,50,http://5.75.203.123:5005/object_info_2?name=Makar&age=22&salary=350,76,0,29
1674636807438,79,/object_info_2,200,OK,HW_1_intro 1-35,text,true,,482,164,50,50,http://5.75.203.123:5005/object_info_2?name=Makar&age=22&salary=350,79,0,29
1674636807438,80,/object_info_2,200,OK,HW_1_intro 1-42,text,true,,482,164,50,50,http://5.75.203.123:5005/object_info_2?name=Makar&age=22&salary=350,80,0,30
1674636807439,80,/object_info_2,200,OK,HW_1_intro 1-44,text,true,,482,164,50,50,http://5.75.203.123:5005/object_info_2?name=Makar&age=22&salary=350,80,0,30
1674636807440,80,/object_info_2,200,OK,HW_1_intro 1-37,text,true,,482,164,50,50,http://5.75.203.123:5005/object_info_2?name=Makar&age=22&salary=350,80,0,30
1674636807443,80,/object_info_2,200,OK,HW_1_intro 1-38,text,true,,482,164,50,50,http://5.75.203.123:5005/object_info_2?name=Makar&age=22&salary=350,80,0,29
1674636807445,80,/object_info_2,200,OK,HW_1_intro 1-31,text,true,,482,164,50,50,http://5.75.203.123:5005/object_info_2?name=Makar&age=22&salary=350,80,0,30
1674636807448,77,/object_info_2,200,OK,HW_1_intro 1-33,text,true,,482,164,50,50,http://5.75.203.123:5005/object_info_2?name=Makar&age=22&salary=350,77,0,30
1674636807450,76,/object_info_2,200,OK,HW_1_intro 1-43,text,true,,482,164,50,50,http://5.75.203.123:5005/object_info_2?name=Makar&age=22&salary=350,76,0,29
1674636807453,75,/object_info_2,200,OK,HW_1_intro 1-46,text,true,,482,164,50,50,http://5.75.203.123:5005/object_info_2?name=Makar&age=22&salary=350,75,0,29
1674636807452,78,/object_info_2,200,OK,HW_1_intro 1-40,text,true,,482,164,50,50,http://5.75.203.123:5005/object_info_2?name=Makar&age=22&salary=350,77,0,30
1674636807455,77,/object_info_2,200,OK,HW_1_intro 1-50,text,true,,482,164,50,50,http://5.75.203.123:5005/object_info_2?name=Makar&age=22&salary=350,77,0,30
1674636807456,79,/object_info_2,200,OK,HW_1_intro 1-9,text,true,,482,164,50,50,http://5.75.203.123:5005/object_info_2?name=Makar&age=22&salary=350,78,0,30
1674636807458,77,/object_info_2,200,OK,HW_1_intro 1-12,text,true,,482,164,50,50,http://5.75.203.123:5005/object_info_2?name=Makar&age=22&salary=350,76,0,30
1674636807459,77,/object_info_2,200,OK,HW_1_intro 1-22,text,true,,482,164,50,50,http://5.75.203.123:5005/object_info_2?name=Makar&age=22&salary=350,77,0,30
1674636807461,81,/object_info_3,200,OK,HW_1_intro 1-6,text,true,,532,164,50,50,http://5.75.203.123:5005/object_info_3?name=Peter&age=32&salary=600,81,0,30
1674636807463,79,/object_info_3,200,OK,HW_1_intro 1-5,text,true,,532,164,50,50,http://5.75.203.123:5005/object_info_3?name=Peter&age=32&salary=600,79,0,30
1674636807463,81,/object_info_3,200,OK,HW_1_intro 1-1,text,true,,532,164,50,50,http://5.75.203.123:5005/object_info_3?name=Peter&age=32&salary=600,81,0,30
1674636807465,81,/object_info_3,200,OK,HW_1_intro 1-4,text,true,,532,164,50,50,http://5.75.203.123:5005/object_info_3?name=Peter&age=32&salary=600,81,0,30
1674636807469,83,/object_info_3,200,OK,HW_1_intro 1-13,text,true,,532,164,50,50,http://5.75.203.123:5005/object_info_3?name=Peter&age=32&salary=600,83,0,30
1674636807469,83,/object_info_3,200,OK,HW_1_intro 1-19,text,true,,532,164,50,50,http://5.75.203.123:5005/object_info_3?name=Peter&age=32&salary=600,83,0,30
1674636807471,84,/object_info_3,200,OK,HW_1_intro 1-17,text,true,,532,164,50,50,http://5.75.203.123:5005/object_info_3?name=Peter&age=32&salary=600,83,0,30
1674636807472,83,/object_info_3,200,OK,HW_1_intro 1-7,text,true,,532,164,50,50,http://5.75.203.123:5005/object_info_3?name=Peter&age=32&salary=600,83,0,29
1674636807471,85,/object_info_3,200,OK,HW_1_intro 1-11,text,true,,532,164,50,50,http://5.75.203.123:5005/object_info_3?name=Peter&age=32&salary=600,85,0,30
1674636807475,84,/object_info_3,200,OK,HW_1_intro 1-28,text,true,,532,164,50,50,http://5.75.203.123:5005/object_info_3?name=Peter&age=32&salary=600,84,0,30
1674636807473,86,/object_info_3,200,OK,HW_1_intro 1-8,text,true,,532,164,50,50,http://5.75.203.123:5005/object_info_3?name=Peter&age=32&salary=600,86,0,30
1674636807478,83,/object_info_3,200,OK,HW_1_intro 1-2,text,true,,532,164,50,50,http://5.75.203.123:5005/object_info_3?name=Peter&age=32&salary=600,83,0,30
1674636807478,85,/object_info_3,200,OK,HW_1_intro 1-3,text,true,,532,164,50,50,http://5.75.203.123:5005/object_info_3?name=Peter&age=32&salary=600,85,0,30
1674636807480,85,/object_info_3,200,OK,HW_1_intro 1-15,text,true,,532,164,50,50,http://5.75.203.123:5005/object_info_3?name=Peter&age=32&salary=600,85,0,29
1674636807481,84,/object_info_3,200,OK,HW_1_intro 1-10,text,true,,532,164,50,50,http://5.75.203.123:5005/object_info_3?name=Peter&age=32&salary=600,84,0,30
1674636807482,84,/object_info_3,200,OK,HW_1_intro 1-16,text,true,,532,164,50,50,http://5.75.203.123:5005/object_info_3?name=Peter&age=32&salary=600,84,0,30
1674636807483,87,/object_info_3,200,OK,HW_1_intro 1-18,text,true,,532,164,50,50,http://5.75.203.123:5005/object_info_3?name=Peter&age=32&salary=600,86,0,30
1674636807486,84,/object_info_3,200,OK,HW_1_intro 1-27,text,true,,532,164,50,50,http://5.75.203.123:5005/object_info_3?name=Peter&age=32&salary=600,84,0,29
1674636807484,86,/object_info_3,200,OK,HW_1_intro 1-30,text,true,,532,164,50,50,http://5.75.203.123:5005/object_info_3?name=Peter&age=32&salary=600,86,0,30
1674636807488,84,/object_info_3,200,OK,HW_1_intro 1-20,text,true,,532,164,50,50,http://5.75.203.123:5005/object_info_3?name=Peter&age=32&salary=600,84,0,29
1674636807488,85,/object_info_3,200,OK,HW_1_intro 1-25,text,true,,532,164,50,50,http://5.75.203.123:5005/object_info_3?name=Peter&age=32&salary=600,85,0,29
1674636807491,82,/object_info_3,200,OK,HW_1_intro 1-14,text,true,,532,164,50,50,http://5.75.203.123:5005/object_info_3?name=Peter&age=32&salary=600,82,0,30
1674636807495,80,/object_info_3,200,OK,HW_1_intro 1-48,text,true,,532,164,50,50,http://5.75.203.123:5005/object_info_3?name=Peter&age=32&salary=600,80,0,30
1674636807492,84,/object_info_3,200,OK,HW_1_intro 1-23,text,true,,532,164,50,50,http://5.75.203.123:5005/object_info_3?name=Peter&age=32&salary=600,84,0,29
1674636807495,81,/object_info_3,200,OK,HW_1_intro 1-24,text,true,,532,164,50,50,http://5.75.203.123:5005/object_info_3?name=Peter&age=32&salary=600,81,0,30
1674636807496,81,/object_info_3,200,OK,HW_1_intro 1-45,text,true,,532,164,50,50,http://5.75.203.123:5005/object_info_3?name=Peter&age=32&salary=600,81,0,29
1674636807497,81,/object_info_3,200,OK,HW_1_intro 1-34,text,true,,532,164,50,50,http://5.75.203.123:5005/object_info_3?name=Peter&age=32&salary=600,81,0,30
1674636807498,82,/object_info_3,200,OK,HW_1_intro 1-47,text,true,,532,164,50,50,http://5.75.203.123:5005/object_info_3?name=Peter&age=32&salary=600,81,0,30
1674636807500,82,/object_info_3,200,OK,HW_1_intro 1-32,text,true,,532,164,50,50,http://5.75.203.123:5005/object_info_3?name=Peter&age=32&salary=600,82,0,30
1674636807504,79,/object_info_3,200,OK,HW_1_intro 1-39,text,true,,532,164,50,50,http://5.75.203.123:5005/object_info_3?name=Peter&age=32&salary=600,79,0,29
1674636807505,78,/object_info_3,200,OK,HW_1_intro 1-21,text,true,,532,164,50,50,http://5.75.203.123:5005/object_info_3?name=Peter&age=32&salary=600,78,0,29
1674636807505,80,/object_info_3,200,OK,HW_1_intro 1-29,text,true,,532,164,50,50,http://5.75.203.123:5005/object_info_3?name=Peter&age=32&salary=600,80,0,30
1674636807507,79,/object_info_3,200,OK,HW_1_intro 1-26,text,true,,532,164,50,50,http://5.75.203.123:5005/object_info_3?name=Peter&age=32&salary=600,79,0,29
1674636807508,80,/object_info_3,200,OK,HW_1_intro 1-41,text,true,,532,164,50,50,http://5.75.203.123:5005/object_info_3?name=Peter&age=32&salary=600,80,0,30
1674636807510,79,/object_info_3,200,OK,HW_1_intro 1-36,text,true,,532,164,50,50,http://5.75.203.123:5005/object_info_3?name=Peter&age=32&salary=600,79,0,30
1674636807514,78,/object_info_3,200,OK,HW_1_intro 1-49,text,true,,532,164,50,50,http://5.75.203.123:5005/object_info_3?name=Peter&age=32&salary=600,78,0,30
1674636807517,75,/object_info_3,200,OK,HW_1_intro 1-35,text,true,,532,164,50,50,http://5.75.203.123:5005/object_info_3?name=Peter&age=32&salary=600,75,0,36
1674636807520,74,/object_info_3,200,OK,HW_1_intro 1-44,text,true,,532,164,50,50,http://5.75.203.123:5005/object_info_3?name=Peter&age=32&salary=600,74,0,32
1674636807520,74,/object_info_3,200,OK,HW_1_intro 1-37,text,true,,532,164,50,50,http://5.75.203.123:5005/object_info_3?name=Peter&age=32&salary=600,74,0,32
1674636807518,79,/object_info_3,200,OK,HW_1_intro 1-42,text,true,,532,164,50,50,http://5.75.203.123:5005/object_info_3?name=Peter&age=32&salary=600,79,0,34
1674636807525,72,/object_info_3,200,OK,HW_1_intro 1-31,text,true,,532,164,50,50,http://5.75.203.123:5005/object_info_3?name=Peter&age=32&salary=600,72,0,29
1674636807524,73,/object_info_3,200,OK,HW_1_intro 1-38,text,true,,532,164,50,50,http://5.75.203.123:5005/object_info_3?name=Peter&age=32&salary=600,73,0,29
1674636807526,72,/object_info_3,200,OK,HW_1_intro 1-33,text,true,,532,164,50,50,http://5.75.203.123:5005/object_info_3?name=Peter&age=32&salary=600,72,0,29
1674636807528,73,/object_info_3,200,OK,HW_1_intro 1-46,text,true,,532,164,50,50,http://5.75.203.123:5005/object_info_3?name=Peter&age=32&salary=600,73,0,29
1674636807526,75,/object_info_3,200,OK,HW_1_intro 1-43,text,true,,532,164,50,50,http://5.75.203.123:5005/object_info_3?name=Peter&age=32&salary=600,75,0,30
1674636807532,72,/object_info_3,200,OK,HW_1_intro 1-50,text,true,,532,164,50,50,http://5.75.203.123:5005/object_info_3?name=Peter&age=32&salary=600,72,0,30
1674636807530,74,/object_info_3,200,OK,HW_1_intro 1-40,text,true,,532,164,50,50,http://5.75.203.123:5005/object_info_3?name=Peter&age=32&salary=600,74,0,30
1674636807535,70,/object_info_3,200,OK,HW_1_intro 1-12,text,true,,532,164,50,50,http://5.75.203.123:5005/object_info_3?name=Peter&age=32&salary=600,70,0,29
1674636807535,70,/object_info_3,200,OK,HW_1_intro 1-9,text,true,,532,164,50,50,http://5.75.203.123:5005/object_info_3?name=Peter&age=32&salary=600,70,0,29
1674636807537,70,/object_info_3,200,OK,HW_1_intro 1-22,text,true,,532,164,50,50,http://5.75.203.123:5005/object_info_3?name=Peter&age=32&salary=600,70,0,29
1674636807543,65,/object_info_4,200,OK,HW_1_intro 1-5,text,true,,253,166,50,50,http://5.75.203.123:5005/object_info_4?name=Ksenia&age=34&salary=1000,65,0,29
1674636807542,67,/object_info_4,200,OK,HW_1_intro 1-6,text,true,,253,166,50,50,http://5.75.203.123:5005/object_info_4?name=Ksenia&age=34&salary=1000,66,0,30
1674636807545,65,/object_info_4,200,OK,HW_1_intro 1-1,text,true,,253,166,48,48,http://5.75.203.123:5005/object_info_4?name=Ksenia&age=34&salary=1000,65,0,29
1674636807553,61,/object_info_4,200,OK,HW_1_intro 1-19,text,true,,253,166,47,47,http://5.75.203.123:5005/object_info_4?name=Ksenia&age=34&salary=1000,61,0,29
1674636807546,70,/object_info_4,200,OK,HW_1_intro 1-4,text,true,,253,166,46,46,http://5.75.203.123:5005/object_info_4?name=Ksenia&age=34&salary=1000,69,0,36
1674636807553,66,/object_info_4,200,OK,HW_1_intro 1-13,text,true,,253,166,45,45,http://5.75.203.123:5005/object_info_4?name=Ksenia&age=34&salary=1000,66,0,29
1674636807555,65,/object_info_4,200,OK,HW_1_intro 1-17,text,true,,253,166,44,44,http://5.75.203.123:5005/object_info_4?name=Ksenia&age=34&salary=1000,65,0,29
1674636807555,68,/object_info_4,200,OK,HW_1_intro 1-7,text,true,,253,166,43,43,http://5.75.203.123:5005/object_info_4?name=Ksenia&age=34&salary=1000,68,0,30
1674636807559,65,/object_info_4,200,OK,HW_1_intro 1-28,text,true,,253,166,42,42,http://5.75.203.123:5005/object_info_4?name=Ksenia&age=34&salary=1000,65,0,30
1674636807556,69,/object_info_4,200,OK,HW_1_intro 1-11,text,true,,253,166,41,41,http://5.75.203.123:5005/object_info_4?name=Ksenia&age=34&salary=1000,69,0,30
1674636807561,65,/object_info_4,200,OK,HW_1_intro 1-2,text,true,,253,166,40,40,http://5.75.203.123:5005/object_info_4?name=Ksenia&age=34&salary=1000,65,0,30
1674636807559,69,/object_info_4,200,OK,HW_1_intro 1-8,text,true,,253,166,39,39,http://5.75.203.123:5005/object_info_4?name=Ksenia&age=34&salary=1000,69,0,31
1674636807563,66,/object_info_4,200,OK,HW_1_intro 1-3,text,true,,253,166,38,38,http://5.75.203.123:5005/object_info_4?name=Ksenia&age=34&salary=1000,66,0,30
1674636807565,66,/object_info_4,200,OK,HW_1_intro 1-15,text,true,,253,166,37,37,http://5.75.203.123:5005/object_info_4?name=Ksenia&age=34&salary=1000,66,0,30
1674636807567,66,/object_info_4,200,OK,HW_1_intro 1-16,text,true,,253,166,36,36,http://5.75.203.123:5005/object_info_4?name=Ksenia&age=34&salary=1000,66,0,29
1674636807565,68,/object_info_4,200,OK,HW_1_intro 1-10,text,true,,253,166,36,36,http://5.75.203.123:5005/object_info_4?name=Ksenia&age=34&salary=1000,68,0,30
1674636807570,66,/object_info_4,200,OK,HW_1_intro 1-27,text,true,,253,166,34,34,http://5.75.203.123:5005/object_info_4?name=Ksenia&age=34&salary=1000,66,0,30
1674636807570,68,/object_info_4,200,OK,HW_1_intro 1-30,text,true,,253,166,33,33,http://5.75.203.123:5005/object_info_4?name=Ksenia&age=34&salary=1000,68,0,30
1674636807570,69,/object_info_4,200,OK,HW_1_intro 1-18,text,true,,253,166,32,32,http://5.75.203.123:5005/object_info_4?name=Ksenia&age=34&salary=1000,69,0,30
1674636807572,68,/object_info_4,200,OK,HW_1_intro 1-20,text,true,,253,166,31,31,http://5.75.203.123:5005/object_info_4?name=Ksenia&age=34&salary=1000,68,0,30
1674636807573,69,/object_info_4,200,OK,HW_1_intro 1-25,text,true,,253,166,30,30,http://5.75.203.123:5005/object_info_4?name=Ksenia&age=34&salary=1000,69,0,29
1674636807573,69,/object_info_4,200,OK,HW_1_intro 1-14,text,true,,253,166,30,30,http://5.75.203.123:5005/object_info_4?name=Ksenia&age=34&salary=1000,69,0,30
1674636807575,69,/object_info_4,200,OK,HW_1_intro 1-48,text,true,,253,166,28,28,http://5.75.203.123:5005/object_info_4?name=Ksenia&age=34&salary=1000,69,0,30
1674636807576,70,/object_info_4,200,OK,HW_1_intro 1-24,text,true,,253,166,27,27,http://5.75.203.123:5005/object_info_4?name=Ksenia&age=34&salary=1000,69,0,29
1674636807577,70,/object_info_4,200,OK,HW_1_intro 1-45,text,true,,253,166,26,26,http://5.75.203.123:5005/object_info_4?name=Ksenia&age=34&salary=1000,70,0,30
1674636807576,71,/object_info_4,200,OK,HW_1_intro 1-23,text,true,,253,166,26,26,http://5.75.203.123:5005/object_info_4?name=Ksenia&age=34&salary=1000,71,0,29
1674636807578,72,/object_info_4,200,OK,HW_1_intro 1-34,text,true,,253,166,24,24,http://5.75.203.123:5005/object_info_4?name=Ksenia&age=34&salary=1000,72,0,30
1674636807580,74,/object_info_4,200,OK,HW_1_intro 1-47,text,true,,253,166,23,23,http://5.75.203.123:5005/object_info_4?name=Ksenia&age=34&salary=1000,74,0,29
1674636807582,74,/object_info_4,200,OK,HW_1_intro 1-32,text,true,,253,166,22,22,http://5.75.203.123:5005/object_info_4?name=Ksenia&age=34&salary=1000,74,0,30
1674636807583,73,/object_info_4,200,OK,HW_1_intro 1-21,text,true,,253,166,22,22,http://5.75.203.123:5005/object_info_4?name=Ksenia&age=34&salary=1000,73,0,30
1674636807583,75,/object_info_4,200,OK,HW_1_intro 1-39,text,true,,253,166,20,20,http://5.75.203.123:5005/object_info_4?name=Ksenia&age=34&salary=1000,75,0,30
1674636807585,75,/object_info_4,200,OK,HW_1_intro 1-29,text,true,,253,166,19,19,http://5.75.203.123:5005/object_info_4?name=Ksenia&age=34&salary=1000,75,0,30
1674636807586,77,/object_info_4,200,OK,HW_1_intro 1-26,text,true,,253,166,18,18,http://5.75.203.123:5005/object_info_4?name=Ksenia&age=34&salary=1000,77,0,30
1674636807588,77,/object_info_4,200,OK,HW_1_intro 1-41,text,true,,253,166,17,17,http://5.75.203.123:5005/object_info_4?name=Ksenia&age=34&salary=1000,77,0,29
1674636807592,77,/object_info_4,200,OK,HW_1_intro 1-49,text,true,,253,166,16,16,http://5.75.203.123:5005/object_info_4?name=Ksenia&age=34&salary=1000,77,0,30
1674636807589,83,/object_info_4,200,OK,HW_1_intro 1-36,text,true,,253,166,15,15,http://5.75.203.123:5005/object_info_4?name=Ksenia&age=34&salary=1000,83,0,30
1674636807594,79,/object_info_4,200,OK,HW_1_intro 1-44,text,true,,253,166,15,15,http://5.75.203.123:5005/object_info_4?name=Ksenia&age=34&salary=1000,78,0,30
1674636807592,80,/object_info_4,200,OK,HW_1_intro 1-35,text,true,,253,166,15,15,http://5.75.203.123:5005/object_info_4?name=Ksenia&age=34&salary=1000,80,0,30
1674636807594,81,/object_info_4,200,OK,HW_1_intro 1-37,text,true,,253,166,12,12,http://5.75.203.123:5005/object_info_4?name=Ksenia&age=34&salary=1000,81,0,30
1674636807597,80,/object_info_4,200,OK,HW_1_intro 1-42,text,true,,253,166,11,11,http://5.75.203.123:5005/object_info_4?name=Ksenia&age=34&salary=1000,79,0,30
1674636807597,82,/object_info_4,200,OK,HW_1_intro 1-38,text,true,,253,166,10,10,http://5.75.203.123:5005/object_info_4?name=Ksenia&age=34&salary=1000,81,0,30
1674636807597,82,/object_info_4,200,OK,HW_1_intro 1-31,text,true,,253,166,9,9,http://5.75.203.123:5005/object_info_4?name=Ksenia&age=34&salary=1000,82,0,30
1674636807599,81,/object_info_4,200,OK,HW_1_intro 1-33,text,true,,253,166,8,8,http://5.75.203.123:5005/object_info_4?name=Ksenia&age=34&salary=1000,81,0,29
1674636807601,82,/object_info_4,200,OK,HW_1_intro 1-46,text,true,,253,166,7,7,http://5.75.203.123:5005/object_info_4?name=Ksenia&age=34&salary=1000,82,0,30
1674636807604,80,/object_info_4,200,OK,HW_1_intro 1-40,text,true,,253,166,6,6,http://5.75.203.123:5005/object_info_4?name=Ksenia&age=34&salary=1000,80,0,30
1674636807602,82,/object_info_4,200,OK,HW_1_intro 1-43,text,true,,253,166,5,5,http://5.75.203.123:5005/object_info_4?name=Ksenia&age=34&salary=1000,82,0,29
1674636807604,81,/object_info_4,200,OK,HW_1_intro 1-50,text,true,,253,166,4,4,http://5.75.203.123:5005/object_info_4?name=Ksenia&age=34&salary=1000,81,0,30
1674636807605,80,/object_info_4,200,OK,HW_1_intro 1-12,text,true,,253,166,4,4,http://5.75.203.123:5005/object_info_4?name=Ksenia&age=34&salary=1000,80,0,30
1674636807605,84,/object_info_4,200,OK,HW_1_intro 1-9,text,true,,253,166,2,2,http://5.75.203.123:5005/object_info_4?name=Ksenia&age=34&salary=1000,83,0,30
1674636807607,82,/object_info_4,200,OK,HW_1_intro 1-22,text,true,,253,166,2,2,http://5.75.203.123:5005/object_info_4?name=Ksenia&age=34&salary=1000,82,0,30
